Date Saved,2/25/2026 11:15:18 AM
Title,KAI-05-03_011_02°_5740K

Measuring Mode,Ambient
Viewing Angle [°],2
Tcp [K],5740
⊿uv,0.0024
Illuminance [lx],56500
Illuminance [fc],5250
Peak Wavelength [nm],478
Tristimulus Value X,54226.9727
Tristimulus Value Y,56548.0546
Tristimulus Value Z,55014.4952
CIE1931 x,0.3271
CIE1931 y,0.3411
CIE1931 z,0.3318
CIE1976 u',0.2032
CIE1976 v',0.4768
Dominant Wavelength [nm],509
Purity [%],1.9
PPFD [umolm⁻²s⁻¹],1020.4
CRI Ra,99.2
CRI R1,99.2
CRI R2,99.1
CRI R3,99.2
CRI R4,99.3
CRI R5,99.1
CRI R6,98.9
CRI R7,99.7
CRI R8,99.5
CRI R9,98.1
CRI R10,98.0
CRI R11,99.0
CRI R12,97.6
CRI R13,99.0
CRI R14,99.5
CRI R15,99.2
TM-30 Rf,99
TM-30 Rg,100
SSIt,56
SSId,97
SSI1,---
SSI2,---
TLCI,100
TLMF,---

Spectral Data 380[nm],0.295215368271
Spectral Data 385[nm],0.318620204926
Spectral Data 390[nm],0.344523161650
Spectral Data 395[nm],0.401365458965
Spectral Data 400[nm],0.482327312231
Spectral Data 405[nm],0.551719009876
Spectral Data 410[nm],0.593438327312
Spectral Data 415[nm],0.618918597698
Spectral Data 420[nm],0.627372264862
Spectral Data 425[nm],0.618443429470
Spectral Data 430[nm],0.617909252644
Spectral Data 435[nm],0.647810220718
Spectral Data 440[nm],0.698114395142
Spectral Data 445[nm],0.750300407410
Spectral Data 450[nm],0.792614161968
Spectral Data 455[nm],0.814942240715
Spectral Data 460[nm],0.824936628342
Spectral Data 465[nm],0.833840131760
Spectral Data 470[nm],0.836985051632
Spectral Data 475[nm],0.837832450867
Spectral Data 480[nm],0.836634635925
Spectral Data 485[nm],0.825946450233
Spectral Data 490[nm],0.821412503719
Spectral Data 495[nm],0.824358999729
Spectral Data 500[nm],0.823790371418
Spectral Data 505[nm],0.819945514202
Spectral Data 510[nm],0.812018573284
Spectral Data 515[nm],0.798068583012
Spectral Data 520[nm],0.791093587875
Spectral Data 525[nm],0.797003626823
Spectral Data 530[nm],0.805360138416
Spectral Data 535[nm],0.811599373817
Spectral Data 540[nm],0.810839533806
Spectral Data 545[nm],0.805349946022
Spectral Data 550[nm],0.800426959991
Spectral Data 555[nm],0.793078720570
Spectral Data 560[nm],0.781918644905
Spectral Data 565[nm],0.770839869976
Spectral Data 570[nm],0.760881423950
Spectral Data 575[nm],0.756661117077
Spectral Data 580[nm],0.757456362247
Spectral Data 585[nm],0.754301190376
Spectral Data 590[nm],0.747909069061
Spectral Data 595[nm],0.743645191193
Spectral Data 600[nm],0.740575075150
Spectral Data 605[nm],0.736314713955
Spectral Data 610[nm],0.730448365211
Spectral Data 615[nm],0.723891973495
Spectral Data 620[nm],0.716937780380
Spectral Data 625[nm],0.708912789822
Spectral Data 630[nm],0.705083906651
Spectral Data 635[nm],0.709071636200
Spectral Data 640[nm],0.712914526463
Spectral Data 645[nm],0.708475828171
Spectral Data 650[nm],0.697818756104
Spectral Data 655[nm],0.693548083305
Spectral Data 660[nm],0.698974370956
Spectral Data 665[nm],0.706589400768
Spectral Data 670[nm],0.709930062294
Spectral Data 675[nm],0.707064509392
Spectral Data 680[nm],0.685541868210
Spectral Data 685[nm],0.651284039021
Spectral Data 690[nm],0.637676596642
Spectral Data 695[nm],0.649288058281
Spectral Data 700[nm],0.661013543606
Spectral Data 705[nm],0.664308071136
Spectral Data 710[nm],0.652781665325
Spectral Data 715[nm],0.623965263367
Spectral Data 720[nm],0.597505092621
Spectral Data 725[nm],0.593075394630
Spectral Data 730[nm],0.608061254025
Spectral Data 735[nm],0.625630259514
Spectral Data 740[nm],0.635794997215
Spectral Data 745[nm],0.638783991337
Spectral Data 750[nm],0.610296130180
Spectral Data 755[nm],0.530721664429
Spectral Data 760[nm],0.451740384102
Spectral Data 765[nm],0.455166608095
Spectral Data 770[nm],0.529903709888
Spectral Data 775[nm],0.584052979946
Spectral Data 780[nm],0.606490671635

Spectral Data 380[nm],0.297082811594
Spectral Data 381[nm],0.302743494511
Spectral Data 382[nm],0.307177424431
Spectral Data 383[nm],0.311028212309
Spectral Data 384[nm],0.314562171698
Spectral Data 385[nm],0.317951232195
Spectral Data 386[nm],0.321367442608
Spectral Data 387[nm],0.325001090765
Spectral Data 388[nm],0.329187750816
Spectral Data 389[nm],0.334331661463
Spectral Data 390[nm],0.340837508440
Spectral Data 391[nm],0.349093556404
Spectral Data 392[nm],0.359198957682
Spectral Data 393[nm],0.371005594730
Spectral Data 394[nm],0.384357541800
Spectral Data 395[nm],0.399097561836
Spectral Data 396[nm],0.415004163980
Spectral Data 397[nm],0.431757688522
Spectral Data 398[nm],0.449030280113
Spectral Data 399[nm],0.466494083405
Spectral Data 400[nm],0.483806133270
Spectral Data 401[nm],0.500581324100
Spectral Data 402[nm],0.516427278519
Spectral Data 403[nm],0.530951440334
Spectral Data 404[nm],0.543833374977
Spectral Data 405[nm],0.555141270161
Spectral Data 406[nm],0.565074265003
Spectral Data 407[nm],0.573831558228
Spectral Data 408[nm],0.581610202789
Spectral Data 409[nm],0.588582158089
Spectral Data 410[nm],0.594904005527
Spectral Data 411[nm],0.600731849670
Spectral Data 412[nm],0.606217682362
Spectral Data 413[nm],0.611390650272
Spectral Data 414[nm],0.616143584251
Spectral Data 415[nm],0.620362460613
Spectral Data 416[nm],0.623933017254
Spectral Data 417[nm],0.626744508743
Spectral Data 418[nm],0.628692805767
Spectral Data 419[nm],0.629674434662
Spectral Data 420[nm],0.629586100578
Spectral Data 421[nm],0.628394782543
Spectral Data 422[nm],0.626331627369
Spectral Data 423[nm],0.623690187931
Spectral Data 424[nm],0.620764017105
Spectral Data 425[nm],0.617849051952
Spectral Data 426[nm],0.615276217461
Spectral Data 427[nm],0.613389015198
Spectral Data 428[nm],0.612530589104
Spectral Data 429[nm],0.613031446934
Spectral Data 430[nm],0.615027070045
Spectral Data 431[nm],0.618498802185
Spectral Data 432[nm],0.623423695564
Spectral Data 433[nm],0.629776716232
Spectral Data 434[nm],0.637444913387
Spectral Data 435[nm],0.646192312241
Spectral Data 436[nm],0.655773162842
Spectral Data 437[nm],0.665941894054
Spectral Data 438[nm],0.676484525204
Spectral Data 439[nm],0.687268376350
Spectral Data 440[nm],0.698174893856
Spectral Data 441[nm],0.709085464478
Spectral Data 442[nm],0.719888508320
Spectral Data 443[nm],0.730516552925
Spectral Data 444[nm],0.740917146206
Spectral Data 445[nm],0.751037776470
Spectral Data 446[nm],0.760823190212
Spectral Data 447[nm],0.770180702209
Spectral Data 448[nm],0.778991103172
Spectral Data 449[nm],0.787134587765
Spectral Data 450[nm],0.794492542744
Spectral Data 451[nm],0.800960421562
Spectral Data 452[nm],0.806452035904
Spectral Data 453[nm],0.810883760452
Spectral Data 454[nm],0.814172387123
Spectral Data 455[nm],0.816359460354
Spectral Data 456[nm],0.817832946777
Spectral Data 457[nm],0.819042325020
Spectral Data 458[nm],0.820437192917
Spectral Data 459[nm],0.822386562824
Spectral Data 460[nm],0.824776947498
Spectral Data 461[nm],0.827318668365
Spectral Data 462[nm],0.829721748829
Spectral Data 463[nm],0.831711292267
Spectral Data 464[nm],0.833227694035
Spectral Data 465[nm],0.834372997284
Spectral Data 466[nm],0.835253059864
Spectral Data 467[nm],0.835972726345
Spectral Data 468[nm],0.836582899094
Spectral Data 469[nm],0.837056279182
Spectral Data 470[nm],0.837359547615
Spectral Data 471[nm],0.837459683418
Spectral Data 472[nm],0.837367475033
Spectral Data 473[nm],0.837221324444
Spectral Data 474[nm],0.837184071541
Spectral Data 475[nm],0.837418675423
Spectral Data 476[nm],0.838032901287
Spectral Data 477[nm],0.838787615299
Spectral Data 478[nm],0.839308619499
Spectral Data 479[nm],0.839221417904
Spectral Data 480[nm],0.838176190853
Spectral Data 481[nm],0.836196780205
Spectral Data 482[nm],0.833594679832
Spectral Data 483[nm],0.830688476563
Spectral Data 484[nm],0.827796220779
Spectral Data 485[nm],0.825170934200
Spectral Data 486[nm],0.822965621948
Spectral Data 487[nm],0.821325898170
Spectral Data 488[nm],0.820397317410
Spectral Data 489[nm],0.820246160030
Spectral Data 490[nm],0.820695638657
Spectral Data 491[nm],0.821522772312
Spectral Data 492[nm],0.822504639626
Spectral Data 493[nm],0.823434770107
Spectral Data 494[nm],0.824221909046
Spectral Data 495[nm],0.824821770191
Spectral Data 496[nm],0.825189888477
Spectral Data 497[nm],0.825285077095
Spectral Data 498[nm],0.825114428997
Spectral Data 499[nm],0.824724435806
Spectral Data 500[nm],0.824162840843
Spectral Data 501[nm],0.823477208614
Spectral Data 502[nm],0.822706758976
Spectral Data 503[nm],0.821877479553
Spectral Data 504[nm],0.821013987064
Spectral Data 505[nm],0.820141077042
Spectral Data 506[nm],0.819248616695
Spectral Data 507[nm],0.818213582039
Spectral Data 508[nm],0.816889882088
Spectral Data 509[nm],0.815131664276
Spectral Data 510[nm],0.812820971012
Spectral Data 511[nm],0.810036003590
Spectral Data 512[nm],0.806937754154
Spectral Data 513[nm],0.803687572479
Spectral Data 514[nm],0.800447463989
Spectral Data 515[nm],0.797379076481
Spectral Data 516[nm],0.794643938541
Spectral Data 517[nm],0.792404234409
Spectral Data 518[nm],0.790820658207
Spectral Data 519[nm],0.789977967739
Spectral Data 520[nm],0.789836227894
Spectral Data 521[nm],0.790343165398
Spectral Data 522[nm],0.791446447372
Spectral Data 523[nm],0.793064236641
Spectral Data 524[nm],0.795015335083
Spectral Data 525[nm],0.797096550465
Spectral Data 526[nm],0.799104630947
Spectral Data 527[nm],0.800863921642
Spectral Data 528[nm],0.802404880524
Spectral Data 529[nm],0.803850173950
Spectral Data 530[nm],0.805322706699
Spectral Data 531[nm],0.806936800480
Spectral Data 532[nm],0.808650434017
Spectral Data 533[nm],0.810280978680
Spectral Data 534[nm],0.811640143394
Spectral Data 535[nm],0.812541007996
Spectral Data 536[nm],0.812901020050
Spectral Data 537[nm],0.812819540501
Spectral Data 538[nm],0.812414109707
Spectral Data 539[nm],0.811802446842
Spectral Data 540[nm],0.811075091362
Spectral Data 541[nm],0.810225725174
Spectral Data 542[nm],0.809225261211
Spectral Data 543[nm],0.808044731617
Spectral Data 544[nm],0.806668877602
Spectral Data 545[nm],0.805196881294
Spectral Data 546[nm],0.803781270981
Spectral Data 547[nm],0.802574872971
Spectral Data 548[nm],0.801722764969
Spectral Data 549[nm],0.801177322865
Spectral Data 550[nm],0.800707936287
Spectral Data 551[nm],0.800078272820
Spectral Data 552[nm],0.799052834511
Spectral Data 553[nm],0.797510504723
Spectral Data 554[nm],0.795564770699
Spectral Data 555[nm],0.793358027935
Spectral Data 556[nm],0.791032791138
Spectral Data 557[nm],0.788711071014
Spectral Data 558[nm],0.786418199539
Spectral Data 559[nm],0.784150183201
Spectral Data 560[nm],0.781903207302
Spectral Data 561[nm],0.779673337936
Spectral Data 562[nm],0.777454555035
Spectral Data 563[nm],0.775239646435
Spectral Data 564[nm],0.773021280766
Spectral Data 565[nm],0.770792603493
Spectral Data 566[nm],0.768563985825
Spectral Data 567[nm],0.766370415688
Spectral Data 568[nm],0.764248490334
Spectral Data 569[nm],0.762235045433
Spectral Data 570[nm],0.760377466679
Spectral Data 571[nm],0.758753538132
Spectral Data 572[nm],0.757448017597
Spectral Data 573[nm],0.756545543671
Spectral Data 574[nm],0.756113290787
Spectral Data 575[nm],0.756088137627
Spectral Data 576[nm],0.756348729134
Spectral Data 577[nm],0.756773352623
Spectral Data 578[nm],0.757240593433
Spectral Data 579[nm],0.757644176483
Spectral Data 580[nm],0.757892608643
Spectral Data 581[nm],0.757894396782
Spectral Data 582[nm],0.757558763027
Spectral Data 583[nm],0.756846606731
Spectral Data 584[nm],0.755825757980
Spectral Data 585[nm],0.754577100277
Spectral Data 586[nm],0.753181517124
Spectral Data 587[nm],0.751717925072
Spectral Data 588[nm],0.750252187252
Spectral Data 589[nm],0.748846828938
Spectral Data 590[nm],0.747564673424
Spectral Data 591[nm],0.746463358402
Spectral Data 592[nm],0.745544135571
Spectral Data 593[nm],0.744772017002
Spectral Data 594[nm],0.744111299515
Spectral Data 595[nm],0.743526458740
Spectral Data 596[nm],0.742984175682
Spectral Data 597[nm],0.742453873158
Spectral Data 598[nm],0.741905272007
Spectral Data 599[nm],0.741308033466
Spectral Data 600[nm],0.740641176701
Spectral Data 601[nm],0.739908814430
Spectral Data 602[nm],0.739119529724
Spectral Data 603[nm],0.738281846046
Spectral Data 604[nm],0.737401127815
Spectral Data 605[nm],0.736464679241
Spectral Data 606[nm],0.735452651978
Spectral Data 607[nm],0.734345257282
Spectral Data 608[nm],0.733124911785
Spectral Data 609[nm],0.731807410717
Spectral Data 610[nm],0.730434775352
Spectral Data 611[nm],0.729049980640
Spectral Data 612[nm],0.727695524693
Spectral Data 613[nm],0.726391851902
Spectral Data 614[nm],0.725124776363
Spectral Data 615[nm],0.723877012730
Spectral Data 616[nm],0.722631454468
Spectral Data 617[nm],0.721367657185
Spectral Data 618[nm],0.720054566860
Spectral Data 619[nm],0.718658924103
Spectral Data 620[nm],0.717147409916
Spectral Data 621[nm],0.715495049953
Spectral Data 622[nm],0.713739573956
Spectral Data 623[nm],0.711947798729
Spectral Data 624[nm],0.710186779499
Spectral Data 625[nm],0.708523571491
Spectral Data 626[nm],0.707029938698
Spectral Data 627[nm],0.705781936646
Spectral Data 628[nm],0.704855740070
Spectral Data 629[nm],0.704327464104
Spectral Data 630[nm],0.704238057137
Spectral Data 631[nm],0.704559385777
Spectral Data 632[nm],0.705255985260
Spectral Data 633[nm],0.706292271614
Spectral Data 634[nm],0.707606375217
Spectral Data 635[nm],0.709066927433
Spectral Data 636[nm],0.710515260696
Spectral Data 637[nm],0.711792528629
Spectral Data 638[nm],0.712755620480
Spectral Data 639[nm],0.713363826275
Spectral Data 640[nm],0.713617384434
Spectral Data 641[nm],0.713516592979
Spectral Data 642[nm],0.713059842587
Spectral Data 643[nm],0.712223231792
Spectral Data 644[nm],0.710969507694
Spectral Data 645[nm],0.709261357784
Spectral Data 646[nm],0.707069098949
Spectral Data 647[nm],0.704504549503
Spectral Data 648[nm],0.701806843281
Spectral Data 649[nm],0.699220240116
Spectral Data 650[nm],0.696985721588
Spectral Data 651[nm],0.695233047009
Spectral Data 652[nm],0.693947553635
Spectral Data 653[nm],0.693104684353
Spectral Data 654[nm],0.692679822445
Spectral Data 655[nm],0.692660629749
Spectral Data 656[nm],0.693058133125
Spectral Data 657[nm],0.693886041641
Spectral Data 658[nm],0.695158243179
Spectral Data 659[nm],0.696845710278
Spectral Data 660[nm],0.698792576790
Spectral Data 661[nm],0.700819611549
Spectral Data 662[nm],0.702747404575
Spectral Data 663[nm],0.704425036907
Spectral Data 664[nm],0.705833196640
Spectral Data 665[nm],0.706990838051
Spectral Data 666[nm],0.707916975021
Spectral Data 667[nm],0.708633601665
Spectral Data 668[nm],0.709188222885
Spectral Data 669[nm],0.709639370441
Spectral Data 670[nm],0.710045516491
Spectral Data 671[nm],0.710457682610
Spectral Data 672[nm],0.710768580437
Spectral Data 673[nm],0.710751056671
Spectral Data 674[nm],0.710176765919
Spectral Data 675[nm],0.708818852901
Spectral Data 676[nm],0.706521272659
Spectral Data 677[nm],0.703227460384
Spectral Data 678[nm],0.698888242245
Spectral Data 679[nm],0.693454802036
Spectral Data 680[nm],0.686967313290
Spectral Data 681[nm],0.679702281952
Spectral Data 682[nm],0.671974599361
Spectral Data 683[nm],0.664099276066
Spectral Data 684[nm],0.656405746937
Spectral Data 685[nm],0.649299204350
Spectral Data 686[nm],0.643209755421
Spectral Data 687[nm],0.638567447662
Spectral Data 688[nm],0.635763704777
Spectral Data 689[nm],0.634762644768
Spectral Data 690[nm],0.635262191296
Spectral Data 691[nm],0.636956393719
Spectral Data 692[nm],0.639539361000
Spectral Data 693[nm],0.642711699009
Spectral Data 694[nm],0.646181166172
Spectral Data 695[nm],0.649656057358
Spectral Data 696[nm],0.652845203876
Spectral Data 697[nm],0.655565440655
Spectral Data 698[nm],0.657861530781
Spectral Data 699[nm],0.659807145596
Spectral Data 700[nm],0.661475896835
Spectral Data 701[nm],0.662919104099
Spectral Data 702[nm],0.664095938206
Spectral Data 703[nm],0.664941787720
Spectral Data 704[nm],0.665392160416
Spectral Data 705[nm],0.665382087231
Spectral Data 706[nm],0.664804577827
Spectral Data 707[nm],0.663536250591
Spectral Data 708[nm],0.661454856396
Spectral Data 709[nm],0.658444464207
Spectral Data 710[nm],0.654485404491
Spectral Data 711[nm],0.649654030800
Spectral Data 712[nm],0.644033253193
Spectral Data 713[nm],0.637705981731
Spectral Data 714[nm],0.630827844143
Spectral Data 715[nm],0.623719930649
Spectral Data 716[nm],0.616724371910
Spectral Data 717[nm],0.610183298588
Spectral Data 718[nm],0.604406595230
Spectral Data 719[nm],0.599513053894
Spectral Data 720[nm],0.595557332039
Spectral Data 721[nm],0.592594265938
Spectral Data 722[nm],0.590674996376
Spectral Data 723[nm],0.589810252190
Spectral Data 724[nm],0.589978098869
Spectral Data 725[nm],0.591154992580
Spectral Data 726[nm],0.593316435814
Spectral Data 727[nm],0.596355795860
Spectral Data 728[nm],0.600020051003
Spectral Data 729[nm],0.604040563107
Spectral Data 730[nm],0.608148872852
Spectral Data 731[nm],0.612119436264
Spectral Data 732[nm],0.615909516811
Spectral Data 733[nm],0.619524836540
Spectral Data 734[nm],0.622971296310
Spectral Data 735[nm],0.626247882843
Spectral Data 736[nm],0.629269540310
Spectral Data 737[nm],0.631899237633
Spectral Data 738[nm],0.633999884129
Spectral Data 739[nm],0.635438621044
Spectral Data 740[nm],0.636272013187
Spectral Data 741[nm],0.636822164059
Spectral Data 742[nm],0.637431621552
Spectral Data 743[nm],0.638443410397
Spectral Data 744[nm],0.639946401119
Spectral Data 745[nm],0.641180634499
Spectral Data 746[nm],0.641221165657
Spectral Data 747[nm],0.639143168926
Spectral Data 748[nm],0.634108185768
Spectral Data 749[nm],0.626030445099
Spectral Data 750[nm],0.615198075771
Spectral Data 751[nm],0.601901292801
Spectral Data 752[nm],0.586433231831
Spectral Data 753[nm],0.569175243378
Spectral Data 754[nm],0.550606071949
Spectral Data 755[nm],0.531209528446
Spectral Data 756[nm],0.511470854282
Spectral Data 757[nm],0.491993576288
Spectral Data 758[nm],0.473665803671
Spectral Data 759[nm],0.457428067923
Spectral Data 760[nm],0.444220960140
Spectral Data 761[nm],0.434933245182
Spectral Data 762[nm],0.430126368999
Spectral Data 763[nm],0.430234551430
Spectral Data 764[nm],0.435691684484
Spectral Data 765[nm],0.446864366531
Spectral Data 766[nm],0.462827593088
Spectral Data 767[nm],0.481523752213
Spectral Data 768[nm],0.500859260559
Spectral Data 769[nm],0.518746376038
Spectral Data 770[nm],0.533927440643
Spectral Data 771[nm],0.546803116798
Spectral Data 772[nm],0.557970345020
Spectral Data 773[nm],0.568025946617
Spectral Data 774[nm],0.577446579933
Spectral Data 775[nm],0.586113691330
Spectral Data 776[nm],0.593734800816
Spectral Data 777[nm],0.600017607212
Spectral Data 778[nm],0.604691624641
Spectral Data 779[nm],0.607787728310
Spectral Data 780[nm],0.609550714493

TM-30 Color Vector Graphic,Reference Illuminant x,Reference Illuminant y,Measured Illuminant x,Measured Illuminant y
bin1,0.9776177,0.2103893,0.9795155,0.212092
bin2,0.8193959,0.573228,0.8204925,0.5748828
bin3,0.5750085,0.8181474,0.5773035,0.818822
bin4,0.1652273,0.9862555,0.1678552,0.9865854
bin5,-0.0915237,0.9958029,-0.08980107,0.9963
bin6,-0.4934752,0.8697599,-0.4932974,0.8691533
bin7,-0.825331,0.5646492,-0.827724,0.563641
bin8,-0.9956073,0.09362713,-0.9992799,0.09255921
bin9,-0.9816493,-0.1906952,-0.9864997,-0.1897091
bin10,-0.8603738,-0.5096635,-0.8657592,-0.5075148
bin11,-0.5905995,-0.8069648,-0.5960969,-0.8038846
bin12,-0.1729014,-0.9849392,-0.1761674,-0.9837682
bin13,0.1407979,-0.9900383,0.1395593,-0.9879345
bin14,0.5799506,-0.8146516,0.5796866,-0.8125111
bin15,0.8352244,-0.5499093,0.8349673,-0.543981
bin16,0.9871289,-0.1599265,0.9881181,-0.1571826
